variant,n_signals,n_active,ic_1d,p_value,hit_rate_1d,sharpe
no keywords (base),1044,346,0.02441839997849622,0.43416899809222054,0.5200803212851406,-0.1065
with keywords (CAR adj),1044,346,0.01546511976375935,0.6204054429754519,0.5200803212851406,-0.1065
with keywords (CAR>0.5%),1044,346,0.02223715747043685,0.4763420899405547,0.5200803212851406,-0.1065
