config,conf_thresh,buy_thresh,sell_thresh,n_signals,n_active,ic_1d,ic_p,hit_rate_1d,sharpe
base  (buy=0.45 / conf=0.70),0.7,0.45,-0.45,1044,346,0.02441839997849622,0.43416899809222054,0.5200803212851406,-0.1065
loose (buy=0.30 / conf=0.70),0.7,0.3,-0.3,1044,352,0.02441839997849622,0.43416899809222054,0.5178571428571429,-0.1381
tight (buy=0.60 / conf=0.70),0.7,0.6,-0.6,1044,346,0.02441839997849622,0.43416899809222054,0.5200803212851406,-0.1065
xtight(buy=0.70 / conf=0.70),0.7,0.7,-0.7,1044,346,0.02441839997849622,0.43416899809222054,0.5200803212851406,-0.1065
loconf(buy=0.45 / conf=0.55),0.55,0.45,-0.45,1047,346,0.024762063365841008,0.4270516341956033,0.5200803212851406,-0.1069
hiconf(buy=0.45 / conf=0.80),0.8,0.45,-0.45,1042,345,0.021875985057689017,0.4839620301103748,0.5191146881287726,-0.1352
hiconf(buy=0.60 / conf=0.80),0.8,0.6,-0.6,1042,345,0.021875985057689017,0.4839620301103748,0.5191146881287726,-0.1352
