lag_days,n,ic,p_value,significant,hit_rate
1,510,-0.021961795691838766,0.6207343300357872,False,0.48490945674044267
2,510,0.0028755165030611655,0.9483498845197792,False,0.4869215291750503
3,510,0.002878559222869054,0.9482953073937953,False,0.49899396378269617
5,455,-0.05150062111184467,0.2729686904616752,False,0.4575892857142857
10,417,-0.031695276388443244,0.5186322373083924,False,0.42718446601941745
