model,scenario,annualised_return,sharpe_ratio,max_drawdown,win_rate,trade_count,avg_turnover,ic,ic_stability,oos_fold_count,pct_positive_oos_folds,break_even_cost_bps,data_coverage_ratio
finbert,cost_0.0bps,0.1148,0.435,-0.072,0.5254,940,,0.018299999999999997,0.0637810316630266,4,0.25,0.0,1.0
finbert,cost_15.0bps,-0.477,-3.6524,-0.173,0.4068,940,,0.018299999999999997,0.0637810316630266,4,0.0,0.0,1.0
finbert,cost_30.0bps,-0.7552,-7.7401,-0.3027,0.3051,940,,0.018299999999999997,0.0637810316630266,4,0.0,0.0,1.0
finbert,cost_7.5bps,-0.2362,-1.6087,-0.1036,0.4915,940,,0.018299999999999997,0.0637810316630266,4,0.0,0.0,1.0
vader,cost_0.0bps,-0.2271,-0.4987,-0.137,0.4375,40,,0.045,,1,0.0,0.0,1.0
vader,cost_15.0bps,-0.4712,-1.3726,-0.1528,0.4375,40,,0.045,,1,0.0,0.0,1.0
vader,cost_30.0bps,-0.6387,-2.2465,-0.1683,0.4375,40,,0.045,,1,0.0,0.0,1.0
vader,cost_7.5bps,-0.3606,-0.9356,-0.1449,0.4375,40,,0.045,,1,0.0,0.0,1.0
