quantile,mean_signal,mean_return,count
1,-0.018363939899833055,0.0010220294213375098,599
